{"acc": 2.3333332538604736, "loss": 3.271714925765991, "_timestamp": 1618133384.38682, "_step": 29, "_runtime": 65.49830102920532}
