{"acc": 44.133331298828125, "loss": 0.447536438703537, "_timestamp": 1618135451.752192, "_step": 164, "_runtime": 1796.3885431289673}
